date,open,high,low,close,volume,date_str,daily_return,daily_volatility,sma_20,sma_50,volume_ma_20
2024-10-03,0.74,0.74594,0.6817,0.6935,3927672.0,2024-10-03,,,,,
2024-10-04,0.7,0.7182,0.6749,0.7171,2905380.0,2024-10-04,0.03403028118240803,,,,
2024-10-07,0.72,0.725,0.6875,0.697,3088571.0,2024-10-07,-0.028029563519732292,,,,
2024-10-08,0.7,0.72,0.62,0.6248,5724911.0,2024-10-08,-0.10358680057388803,,,,
2024-10-09,0.64,0.73,0.6,0.7099,6058443.0,2024-10-09,0.13620358514724695,,,,
2024-10-10,0.72,0.73,0.69,0.6911,2785967.0,2024-10-10,-0.026482603183546893,,,,
2024-10-11,0.7,0.703,0.675,0.6845,1319286.0,2024-10-11,-0.009549992765157111,,,,
2024-10-14,0.6929,0.7694,0.665,0.6971,4517356.0,2024-10-14,0.018407596785975144,,,,
2024-10-15,0.7005,0.749,0.66,0.7152,3199944.0,2024-10-15,0.025964710945344915,,,,
2024-10-16,0.7157,0.7463,0.7,0.7073,2465993.0,2024-10-16,-0.011045861297539039,,,,
2024-10-17,0.7201,0.7299,0.69,0.7122,2206701.0,2024-10-17,0.006927753428531025,,,,
2024-10-18,0.7123,0.78,0.6959,0.725,5199687.0,2024-10-18,0.017972479640550265,,,,
2024-10-21,0.725,0.7493,0.7057,0.72,3179169.0,2024-10-21,-0.006896551724137945,,,,
2024-10-22,0.723,0.7247,0.658,0.6683,4299391.0,2024-10-22,-0.07180555555555557,,,,
2024-10-23,0.67,0.6702,0.6077,0.6275,3728953.0,2024-10-23,-0.06105042645518488,,,,
2024-10-24,0.63,0.644,0.6103,0.62,2617071.0,2024-10-24,-0.01195219123505964,,,,
2024-10-25,0.6223,0.661,0.613,0.6301,2656525.0,2024-10-25,0.016290322580645222,,,,
2024-10-28,0.639,0.761,0.635,0.7496,5955956.0,2024-10-28,0.1896524361212506,,,,
2024-10-29,0.756,0.7575,0.696,0.7399,2138783.0,2024-10-29,-0.012940234791889105,,,,
2024-10-30,0.732,0.73324,0.7005,0.7074,1708385.0,2024-10-30,-0.043924854710095884,,0.691875,,3484207.2
2024-10-31,0.709,0.7128,0.655,0.661,1576766.0,2024-10-31,-0.06559230986711906,0.06697501118733774,0.69025,,3366661.9
2024-11-01,0.64,0.64245,0.5805,0.6231,4976883.0,2024-11-01,-0.05733736762481101,0.06761805214077843,0.68555,,3470237.05
2024-11-04,0.624,0.6867,0.6198,0.646,1708483.0,2024-11-04,0.036751725244744016,0.06800421836615987,0.683,,3401232.65
2024-11-05,0.6437,0.6498,0.6031,0.6083,2138692.0,2024-11-05,-0.05835913312693508,0.06512899517302917,0.682175,,3221921.7
2024-11-06,0.6153,0.6174,0.5349,0.5719,3127420.0,2024-11-06,-0.0598388952819332,0.058002632956710924,0.6752750000000001,,3075370.55
2024-11-07,0.5706,0.6293,0.562,0.6212,2135456.0,2024-11-07,0.08620388179751703,0.06160110177938044,0.67178,,3042845.0
2024-11-08,0.62,0.625,0.586,0.6176,1970868.0,2024-11-08,-0.0057952350289760535,0.06158775373169759,0.668435,,3075424.1
2024-11-11,0.6184,0.6595,0.607,0.6431,1595133.0,2024-11-11,0.04128886010362698,0.06222377421817207,0.665735,,2929312.95
2024-11-12,0.6296,0.63436,0.5911,0.6096,1050612.0,2024-11-12,-0.05209143212564138,0.06280455348635411,0.660455,,2821846.35
2024-11-13,0.6037,0.618,0.593,0.606,1008839.0,2024-11-13,-0.005905511811023723,0.06279409748533153,0.6553899999999999,,2748988.65
2024-11-14,0.6016,0.6016,0.576,0.5852,1232111.0,2024-11-14,-0.034323432343234206,0.06302692525850496,0.6490400000000001,,2700259.15
2024-11-15,0.5884,0.59641,0.5201,0.565,2189305.0,2024-11-15,-0.03451811346548206,0.06298210671319257,0.6410399999999999,,2549740.05
2024-11-18,0.5598,0.5677,0.5376,0.5522,1415526.0,2024-11-18,-0.022654867256637012,0.0630317925939273,0.63265,,2461557.9
2024-11-19,0.5512,0.585,0.5471,0.57,1509270.0,2024-11-19,0.03223469757334296,0.062069592326668144,0.627735,,2322051.85
2024-11-20,0.5701,0.5713,0.5271,0.5304,1395955.0,2024-11-20,-0.06947368421052624,0.062488571578375965,0.6228800000000001,,2205401.95
2024-11-21,0.54,0.59,0.52215,0.5725,3630797.0,2024-11-21,0.07937405731523395,0.06534929801698912,0.620505,,2256088.25
2024-11-22,0.5454,0.6339,0.5454,0.6179,2676253.0,2024-11-22,0.07930131004366814,0.06775457859422097,0.619895,,2257074.65
2024-11-25,0.6299,0.6496,0.601,0.6328,2080506.0,2024-11-25,0.024113934293575,0.05172361000242173,0.614055,,2063302.15
2024-11-26,0.6328,0.6328,0.5925,0.6061,947728.0,2024-11-26,-0.042193426042983706,0.05230558426272009,0.6073649999999999,,2003749.4
2024-11-27,0.6184,0.664,0.6,0.6606,1710388.0,2024-11-27,0.08991915525490835,0.05598589020140434,0.605025,,2003849.55
2024-11-29,0.667,0.7797,0.664,0.74,4202854.0,2024-11-29,0.12019376324553432,0.060129235396092495,0.608975,,2135153.95
2024-12-02,0.74,0.825,0.67,0.6797,5983938.0,2024-12-02,-0.08148648648648649,0.061717956055070626,0.6118049999999999,,2185506.7
2024-12-03,0.67,0.677,0.605,0.674,2458446.0,2024-12-03,-0.008386052670295574,0.06136380206376519,0.613205,,2223004.85
2024-12-04,0.7283,0.83,0.71,0.8024,7223052.0,2024-12-04,0.1905044510385756,0.07233076268029814,0.62291,,2477222.85
2024-12-05,0.81,0.8487,0.73,0.7375,5069218.0,2024-12-05,-0.0808823529411764,0.07363822128126957,0.6311899999999999,,2574312.75
2024-12-06,0.77,0.8358,0.7517,0.8058,3140636.0,2024-12-06,0.09261016949152534,0.07397616407533623,0.64042,,2624571.75
2024-12-09,0.845,1.05,0.84,0.9499,11578918.0,2024-12-09,0.17882849342268559,0.08222613725985983,0.6570349999999999,,3104974.25
2024-12-10,0.93,1.06,0.8559,0.8658,10135481.0,2024-12-10,-0.08853563533003472,0.08590014614109329,0.6681699999999999,,3531991.65
2024-12-11,0.91,0.9764,0.8074,0.8445,5650908.0,2024-12-11,-0.024601524601524538,0.0849284343193947,0.679915,,3762006.45
2024-12-12,0.85,0.8967,0.7302,0.7499,5135285.0,2024-12-12,-0.11201894612196572,0.08978818284964722,0.68711,0.6757500000000001,3968328.75
2024-12-13,0.7531,0.8585,0.7253,0.8453,5612296.0,2024-12-13,0.12721696226163504,0.09240223224617516,0.700115,0.6787860000000001,4187338.0
2024-12-16,0.9005,1.07,0.87,0.9714,15219273.0,2024-12-16,0.14917780669584757,0.09551594283917353,0.720435,0.6838719999999999,4838836.4
2024-12-17,1.1,1.43,1.08,1.23,35480095.0,2024-12-17,0.2662137121680048,0.10790699930429985,0.754325,0.6945320000000001,6542064.85
2024-12-18,1.49,1.68,1.12,1.24,38431770.0,2024-12-18,0.008130081300812941,0.10820428342825769,0.787825,0.706836,8388189.85
2024-12-19,1.49,1.54,1.13,1.15,24071081.0,2024-12-19,-0.07258064516129037,0.10837922057049364,0.818805,0.715638,9521946.15
2024-12-20,1.12,1.39,1.07,1.27,15077244.0,2024-12-20,0.10434782608695659,0.10894160611551844,0.85368,0.727216,10094268.5
2024-12-23,1.37,1.975,1.36,1.96,46858310.0,2024-12-23,0.5433070866141732,0.15575679457185282,0.9207850000000001,0.752726,12303371.35
2024-12-24,2.105,2.3099,1.74,1.95,27251452.0,2024-12-24,-0.005102040816326481,0.15633775985828471,0.986645,0.777784,13561918.65
2024-12-26,2.11,3.18,2.11,2.67,52327948.0,2024-12-26,0.36923076923076925,0.1677626615573247,1.0898400000000001,0.81688,16130929.65
2024-12-27,2.9,3.5,2.53,2.9,42237984.0,2024-12-27,0.08614232209737827,0.16776287385450367,1.20181,0.8607339999999999,18157309.45
2024-12-30,2.83,3.77,2.38,3.49,37516139.0,2024-12-30,0.20344827586206904,0.16962331728339372,1.33931,0.9162899999999999,19822973.7
2024-12-31,3.07,3.26,2.43,2.7,25062567.0,2024-12-31,-0.22636103151862463,0.1801982375350443,1.440325,0.95579,20776905.15
2025-01-02,2.83,2.98,2.36,2.41,18017828.0,2025-01-02,-0.1074074074074074,0.1842156795618809,1.527125,0.9895899999999999,21554874.25
2025-01-03,2.475,4.16,2.42,4.09,66961420.0,2025-01-03,0.697095435684647,0.22946760106700154,1.691505,1.058024,24541792.65
2025-01-06,4.83,5.2,3.87,4.11,77063036.0,2025-01-06,0.004889975550122383,0.22658602405741296,1.8601300000000003,1.1276739999999998,28141483.55
2025-01-07,3.98,4.6,3.7101,3.87,37084139.0,2025-01-07,-0.058394160583941646,0.22968024079945662,2.01334,1.192674,29838658.7
2025-01-08,3.52,3.52,2.8,3.16,32719959.0,2025-01-08,-0.18346253229974163,0.23746915879643055,2.123845,1.2432720000000002,30895710.75
2025-01-10,3.11,3.58,2.69,2.81,23188155.0,2025-01-10,-0.11075949367088611,0.2383694702437182,2.2210550000000002,1.28448,31548344.45
2025-01-13,2.5,2.5834,1.97,2.12,25691539.0,2025-01-13,-0.24555160142348753,0.24851922889318886,2.2848300000000004,1.312082,32550376.0
2025-01-14,2.3,3.26,2.3,2.6,56418262.0,2025-01-14,0.2264150943396226,0.2468550609451828,2.377335,1.3499339999999997,35114524.85
2025-01-15,2.95,3.16,2.67,2.87,31936093.0,2025-01-15,0.10384615384615392,0.24671891174722127,2.47857,1.3941139999999999,36430714.7
2025-01-16,2.76,3.48,2.6002,3.29,37159489.0,2025-01-16,0.14634146341463405,0.24668248453112976,2.5945,1.4474520000000002,37527725.5
2025-01-17,3.33,3.34,2.93,3.1,18686242.0,2025-01-17,-0.05775075987841949,0.2449594415637799,2.6879999999999997,1.496532,36688032.85
2025-01-21,3.15,3.335,2.91,3.12,13299062.0,2025-01-21,0.006451612903225712,0.24498250599481022,2.782,1.546766,35431397.45
2025-01-22,3.21,3.9,3.08,3.23,38075262.0,2025-01-22,0.03525641025641013,0.2428285278374795,2.886,1.5999279999999998,36131606.5
2025-01-23,3.22,3.6792,3.12,3.45,21188748.0,2025-01-23,0.06811145510835925,0.24274576091011593,2.995,1.656504,36437181.7
2025-01-24,3.55,3.84,3.23,3.31,25538985.0,2025-01-24,-0.04057971014492756,0.21719954581581158,3.0625,1.710352,35371215.45
2025-01-27,3.0,3.19,2.73,2.87,13932296.0,2025-01-27,-0.13293051359516617,0.22062362164373114,3.1085000000000003,1.75489,34705257.65
2025-01-28,2.9,2.97,2.54,2.76,10871356.0,2025-01-28,-0.03832752613240431,0.20693339646702646,3.1130000000000004,1.7978979999999998,32632428.05
2025-01-29,2.7202,2.73,2.5,2.57,8453185.0,2025-01-29,-0.0688405797101449,0.20718151419084613,3.0965,1.8371780000000002,30943188.1
2025-01-30,2.57,2.62,2.3513,2.42,12269074.0,2025-01-30,-0.05836575875486383,0.20260752593746545,3.043,1.873874,29680834.85
2025-01-31,2.58,2.76,2.32,2.48,20311910.0,2025-01-31,0.024793388429751984,0.19563400199874936,3.032,1.912174,29443302.0
2025-02-03,2.16,2.4,2.1,2.36,10009437.0,2025-02-03,-0.048387096774193616,0.1942010693430613,3.0295,1.9483300000000003,29042882.45
2025-02-04,2.42,2.555,2.4,2.46,6251134.0,2025-02-04,0.04237288135593231,0.10970178600694812,2.948,1.98613,26007368.15
2025-02-05,2.38,2.4,2.235,2.36,8355795.0,2025-02-05,-0.04065040650406504,0.10964710954098612,2.8605,2.022722,22572006.1
2025-02-06,2.48,2.96,2.46,2.85,27507991.0,2025-02-06,0.2076271186440679,0.12053344740103573,2.8095000000000003,2.068272,22093198.7
2025-02-07,2.82,3.27,2.7,3.14,29316001.0,2025-02-07,0.10175438596491237,0.11547490933488339,2.8085,2.1187139999999998,21923000.8
2025-02-10,2.98,3.41,2.86,3.01,31203075.0,2025-02-10,-0.04140127388535042,0.11279288884913195,2.8185,2.166258,22323746.8
2025-02-11,2.97,3.03,2.7,2.71,13818340.0,2025-02-11,-0.09966777408637872,0.09934574492498686,2.848,2.208336,21730086.85
2025-02-12,2.61,2.8,2.6,2.64,10871658.0,2025-02-12,-0.02583025830258301,0.08651776769935476,2.85,2.247924,19452756.65
2025-02-13,2.8,3.12,2.6675,3.04,22467489.0,2025-02-13,0.15151515151515138,0.08999438063700084,2.8585000000000003,2.293924,18979326.45
2025-02-14,2.875,2.95,2.67,2.75,16051814.0,2025-02-14,-0.09539473684210531,0.08639625280380488,2.8315,2.3353300000000004,17923942.7
2025-02-18,2.8,2.84,2.5,2.56,13829718.0,2025-02-18,-0.06909090909090909,0.08679343070137605,2.8045,2.37305,17681116.5
2025-02-19,2.62,2.69,2.53,2.55,8090634.0,2025-02-19,-0.003906250000000111,0.08674561377481704,2.7760000000000002,2.4080019999999998,17420695.1
2025-02-20,2.5,2.52,2.35,2.47,7748633.0,2025-02-20,-0.03137254901960773,0.08633208963064293,2.738,2.442652,15904363.65
2025-02-21,2.48,2.57,2.165,2.215,11376653.0,2025-02-21,-0.10323886639676128,0.08668147712922034,2.6762500000000005,2.4708360000000003,15413758.9
2025-02-24,2.22,2.25,1.85,1.88,11587843.0,2025-02-24,-0.1512415349887133,0.0915599492133272,2.60475,2.4894380000000003,14716201.8
2025-02-25,1.805,1.91,1.615,1.72,10794793.0,2025-02-25,-0.08510638297872342,0.08915917942478345,2.5472499999999996,2.506522,14559326.65
2025-02-26,1.77,2.09,1.77,2.03,9268892.0,2025-02-26,0.18023255813953476,0.09976882762059869,2.51075,2.530232,14479203.45
2025-02-27,2.04,2.14,1.8201,1.9,9302238.0,2025-02-27,-0.064039408866995,0.09962727083596337,2.4772499999999997,2.5532340000000002,14521656.1
2025-02-28,1.83,1.985,1.82,1.88,4955001.0,2025-02-28,-0.010526315789473717,0.09898905488250936,2.45025,2.5739280000000004,14155952.45
2025-03-03,1.91,1.93,1.69,1.71,5938979.0,2025-03-03,-0.09042553191489355,0.10031913928288218,2.41175,2.5887000000000002,13437305.9
2025-03-04,1.62,1.6991,1.53,1.64,6649169.0,2025-03-04,-0.040935672514619936,0.10019784240261512,2.37575,2.5968999999999998,13269292.5
2025-03-05,1.6,1.71,1.58,1.69,3734388.0,2025-03-05,0.030487804878048808,0.09988399363271347,2.33725,2.6058999999999997,13143455.2
2025-03-06,1.68,1.6868,1.535,1.56,5850576.0,2025-03-06,-0.07692307692307687,0.10071803359257671,2.29725,2.6140999999999996,13018194.25
2025-03-07,1.58,1.62,1.46,1.56,5092633.0,2025-03-07,0.0,0.08610948759071996,2.2327500000000002,2.6199,11897426.35
2025-03-10,1.54,1.55,1.37,1.43,5661637.0,2025-03-10,-0.08333333333333337,0.08144759254789051,2.14725,2.6093,10714708.15
2025-03-11,1.43,1.68,1.41,1.65,8572117.0,2025-03-11,0.15384615384615374,0.09175351198841938,2.07925,2.6033000000000004,9583160.25
2025-03-12,1.72,1.77,1.56,1.63,6887097.0,2025-03-12,-0.012121212121212088,0.0901150402838752,2.0252499999999998,2.5825,9236598.1
2025-03-13,1.65,1.78,1.62,1.72,6417733.0,2025-03-13,0.05521472392638049,0.0917119736835806,1.97925,2.5589,9013901.85
2025-03-14,1.77,1.87,1.67,1.69,10218391.0,2025-03-14,-0.01744186046511631,0.08267842118077619,1.91175,2.5229,8401446.95
2025-03-17,1.73,2.3,1.72,2.24,17531476.0,2025-03-17,0.32544378698224863,0.11227866041061085,1.88625,2.5137,8475430.05
2025-03-18,2.09,2.18,1.87,1.905,11043063.0,2025-03-18,-0.1495535714285715,0.11608351461597742,1.8534999999999997,2.5036,8336097.3
2025-03-19,2.1,2.29,2.0,2.13,15731290.0,2025-03-19,0.11811023622047245,0.11950714488618856,1.8325,2.4644000000000004,8718130.1
2025-03-20,2.12,2.44,2.03,2.14,15806824.0,2025-03-20,0.0046948356807512415,0.11932283518899994,1.816,2.4250000000000003,9121039.65
2025-03-21,2.1,2.32,2.0307,2.26,11642958.0,2025-03-21,0.05607476635513997,0.11743003849177801,1.8182499999999997,2.3928,9134354.9
2025-03-24,2.41,2.65,2.345,2.6,16271955.0,2025-03-24,0.15044247787610643,0.115375141226813,1.85425,2.3816,9368560.5
2025-03-25,2.56,2.638,2.44,2.5,8451668.0,2025-03-25,-0.03846153846153855,0.11354868160858275,1.89325,2.3754000000000004,9251404.25
2025-03-26,2.46,2.625,2.2,2.32,11955826.0,2025-03-26,-0.07200000000000006,0.10927298914173718,1.90775,2.3794,9385750.95
2025-03-27,2.24,2.245,2.06,2.19,10495531.0,2025-03-27,-0.05603448275862066,0.10899439634708549,1.92225,2.3712,9445415.6
2025-03-28,2.12,2.1477,1.85,1.9,7702001.0,2025-03-28,-0.13242009132420096,0.1136482462805461,1.9232500000000001,2.3518,9582765.6
2025-03-31,1.79,2.07,1.76,1.98,7067601.0,2025-03-31,0.04210526315789487,0.11156027923438826,1.93675,2.3256,9639196.7
2025-04-01,1.98,2.14,1.92,2.03,7826702.0,2025-04-01,0.025252525252525082,0.1108599900029742,1.95625,2.3042,9698073.35
2025-04-02,1.96,2.02,1.87,1.89,6741518.0,2025-04-02,-0.06896551724137923,0.11240367896718845,1.96625,2.2796,9848429.85
2025-04-03,1.73,2.05,1.72,1.98,9045889.0,2025-04-03,0.04761904761904767,0.11070186559995465,1.98725,2.2546,10008195.5
2025-04-04,1.88,1.93,1.73,1.89,5624162.0,2025-04-04,-0.045454545454545525,0.11154181005254794,2.0037499999999997,2.2234,10034771.95
2025-04-07,1.725,2.03,1.71,1.92,8077249.0,2025-04-07,0.015873015873015817,0.10911105351554959,2.02825,2.1956,10155552.55
2025-04-08,2.02,2.09,1.7,1.74,7466879.0,2025-04-08,-0.09375,0.1071676896851345,2.03275,2.173,10100290.65
2025-04-09,1.78,1.95,1.69,1.91,6686230.0,2025-04-09,0.09770114942528729,0.10889655741654017,2.0467500000000003,2.156,10090247.3
2025-04-10,1.92,1.95,1.775,1.79,3809317.0,2025-04-10,-0.06282722513089001,0.10969677476263022,2.0502499999999997,2.1404,9959826.5
2025-04-11,1.9,1.99,1.84,1.96,5258032.0,2025-04-11,0.0949720670391061,0.11123045376486827,2.0637499999999998,2.1312,9711808.55
2025-04-14,2.01,2.17,1.96,2.0,7113894.0,2025-04-14,0.020408163265306145,0.08360859947489122,2.0517499999999997,2.1216000000000004,9190929.45
2025-04-15,1.98,2.0699,1.93,2.0,3276935.0,2025-04-15,0.0,0.07609693064380353,2.0565,2.1144,8802623.05
2025-04-16,1.95,2.06,1.84,1.89,3481815.0,2025-04-16,-0.05500000000000005,0.07232588979317384,2.0445,2.1029999999999998,8190149.3
2025-04-17,1.9,1.94,1.87,1.92,1904869.0,2025-04-17,0.015873015873015817,0.07243556344519018,2.0335,2.0942,7495051.55
2025-04-21,1.85,1.859,1.76,1.82,3403334.0,2025-04-21,-0.05208333333333326,0.07183349632611019,2.0115000000000003,2.0736000000000003,7083070.35
2025-04-22,1.85,1.87,1.79,1.81,2625964.0,2025-04-22,-0.005494505494505475,0.06139696403806095,1.972,2.047,6400770.8
2025-04-23,1.88,2.0,1.88,2.0,5028341.0,2025-04-23,0.1049723756906078,0.06679183208259508,1.9469999999999998,2.0268,6229604.45
2025-04-24,1.995,2.24,1.99,2.2,7132761.0,2025-04-24,0.10000000000000009,0.06927511163916575,1.941,2.0166,5988451.2
2025-04-25,2.2,2.33,2.11,2.24,5901795.0,2025-04-25,0.0181818181818183,0.06811403855084841,1.9435000000000002,2.0086,5758764.4
2025-04-28,2.29,2.34,2.08,2.19,5215433.0,2025-04-28,-0.022321428571428714,0.06059822230396005,1.9579999999999997,1.9916,5634436.0
2025-04-29,2.19,2.2099,2.07,2.07,3130990.0,2025-04-29,-0.0547945205479452,0.061664021806218494,1.9625,1.9779999999999998,5437605.45
2025-04-30,2.0,2.01,1.9,1.97,4830073.0,2025-04-30,-0.048309178743961345,0.0625181180941998,1.9594999999999998,1.9662,5287774.0
2025-05-01,2.02,2.06,1.97,2.0,3538908.0,2025-05-01,0.015228426395939021,0.06040540527753838,1.9649999999999999,1.9552,5127643.5
2025-05-02,2.03,2.18,2.02,2.18,4938516.0,2025-05-02,0.09000000000000008,0.06269612206882273,1.975,1.9494,4922274.85
2025-05-05,2.179,2.4,2.05,2.07,11428163.0,2025-05-05,-0.05045871559633042,0.06292461157747131,1.984,1.9465000000000001,5212474.9
2025-05-06,2.03,2.11,2.0,2.11,3049607.0,2025-05-06,0.019323671497584627,0.06295665048113014,1.9934999999999998,1.9511,4961092.8
2025-05-07,2.125,2.21,2.055,2.07,3930245.0,2025-05-07,-0.018957345971563955,0.058765118611331095,2.01,1.9581,4784261.1
2025-05-08,2.105,2.105,2.01,2.05,5411238.0,2025-05-08,-0.009661835748792313,0.05515579230254562,2.0170000000000003,1.9585,4720511.5
2025-05-09,2.06,2.07,1.94,1.97,6319226.0,2025-05-09,-0.03902439024390236,0.053857810168421165,2.0260000000000002,1.9598999999999998,4846006.95
2025-05-12,2.1,2.13,2.04,2.09,6960699.0,2025-05-12,0.060913705583756306,0.05138288655187779,2.0324999999999998,1.9641,4931140.3
2025-05-13,2.11,2.3,2.05,2.27,10231713.0,2025-05-13,0.0861244019138756,0.05446644280851116,2.0460000000000003,1.9753,5087031.25
2025-05-14,2.46,2.555,2.3,2.41,15771145.0,2025-05-14,0.06167400881057272,0.05573708734552765,2.0665,1.9907000000000001,5711741.75
2025-05-15,2.2,2.24,2.08,2.19,11067553.0,2025-05-15,-0.09128630705394203,0.058513448762027014,2.0814999999999997,2.0007,6091028.65
2025-05-16,2.23,2.6,2.215,2.58,14498483.0,2025-05-16,0.17808219178082196,0.06969113541270316,2.1145,2.0211,6720709.35
2025-05-19,2.32,2.4,2.2426,2.32,9577927.0,2025-05-19,-0.10077519379844968,0.07300700994253502,2.1395,2.0362999999999998,7029439.0
2025-05-20,2.37,2.51,2.3,2.34,10688973.0,2025-05-20,0.008620689655172376,0.07286990830967274,2.166,2.0545,7432589.45
2025-05-21,2.33,2.39,2.12,2.15,10029892.0,2025-05-21,-0.08119658119658113,0.07271302150523705,2.1734999999999998,2.0645000000000002,7682667.0
2025-05-22,2.16,2.39,2.13,2.31,9400200.0,2025-05-22,0.07441860465116279,0.07118262624895559,2.179,2.0781,7796038.95
2025-05-23,2.25,2.32,2.19,2.2,7063527.0,2025-05-23,-0.04761904761904756,0.07204644729616919,2.177,2.0877,7854125.55
2025-05-27,2.26,2.87,2.25,2.85,30033610.0,2025-05-27,0.2954545454545454,0.09717495223222139,2.21,2.1109,9095034.4
2025-05-28,2.9,2.9,2.51,2.53,24179239.0,2025-05-28,-0.11228070175438609,0.10022471117519738,2.2329999999999997,2.1167000000000002,10147446.85
2025-05-29,2.82,2.82,2.53,2.54,20786587.0,2025-05-29,0.0039525691699606735,0.09917638107487352,2.2615,2.1294,10945272.55
2025-05-30,2.465,2.465,2.2,2.31,18777393.0,2025-05-30,-0.09055118110236215,0.10206153439870912,2.277,2.133,11707196.8
2025-06-02,2.38,2.545,2.31,2.4,14772342.0,2025-06-02,0.03896103896103886,0.10063238366971337,2.288,2.1382,12198888.1
2025-06-03,2.47,2.52,2.275,2.31,12745656.0,2025-06-03,-0.03749999999999998,0.10026852530419503,2.3,2.1392,12264762.75
2025-06-04,2.325,2.46,2.27,2.42,10294460.0,2025-06-04,0.04761904761904767,0.10060703958984943,2.3155,2.1355999999999997,12627005.4
2025-06-05,2.42,2.615,2.3,2.34,21425833.0,2025-06-05,-0.03305785123966942,0.10087962808594718,2.3289999999999997,2.1323999999999996,13501784.8
2025-06-06,2.39,2.5,2.31,2.36,14915749.0,2025-06-06,0.008547008547008517,0.1007688346169905,2.3445,2.1332,13977010.35
2025-06-09,2.415,2.53,2.36,2.38,13650340.0,2025-06-09,0.008474576271186418,0.10007137469131565,2.3649999999999998,2.137,14343566.05
2025-06-10,2.4,2.42,2.175,2.2,16794177.0,2025-06-10,-0.07563025210084018,0.10134681049962617,2.3705000000000003,2.143,14835239.95
2025-06-11,2.26,2.26,2.01,2.03,19074281.0,2025-06-11,-0.07727272727272738,0.10122716238451017,2.3585,2.1439999999999997,15277368.35
2025-06-12,2.04,2.055,1.97,1.99,9987341.0,2025-06-12,-0.01970443349753681,0.10020279932527826,2.3375,2.1432,14988178.15
2025-06-13,1.95,1.98,1.87,1.88,9223819.0,2025-06-13,-0.055276381909547756,0.0988882548656327,2.322,2.1430000000000002,14895991.45
2025-06-16,1.91,2.04,1.9,2.03,7504333.0,2025-06-16,0.07978723404255317,0.09156893591188117,2.2945,2.144,14546283.95
2025-06-17,2.0,2.0001,1.9,1.9,5834584.0,2025-06-17,-0.064039408866995,0.08996979255820108,2.2735,2.1441999999999997,14359116.8
2025-06-18,1.89,1.97,1.87,1.87,6421056.0,2025-06-18,-0.015789473684210464,0.08992064933145069,2.25,2.1431999999999998,14145720.95
2025-06-20,1.88,1.92,1.79,1.79,9088019.0,2025-06-20,-0.042780748663101664,0.08866818158319084,2.232,2.1442,14098627.3
2025-06-23,1.76,1.81,1.71,1.78,6920569.0,2025-06-23,-0.005586592178770999,0.0866443309837515,2.2055,2.1416000000000004,13974645.75
2025-06-24,1.84,1.98,1.83,1.94,8311158.0,2025-06-24,0.0898876404494382,0.0889044511211718,2.1925,2.1446,14037027.3
2025-06-25,2.0,2.05,1.88,1.9,7205199.0,2025-06-25,-0.020618556701030966,0.05454008554376733,2.1450000000000005,2.1434,12895606.75
2025-06-26,1.99,2.075,1.97,2.06,8708470.0,2025-06-26,0.08421052631578951,0.054482334366620276,2.1215,2.1445999999999996,12122068.3
2025-06-27,2.18,2.19,1.91,1.94,25229770.0,2025-06-27,-0.058252427184466105,0.0554813021736234,2.0915000000000004,2.1433999999999997,12344227.45
2025-06-30,2.0,2.0399,1.9446,1.95,7198450.0,2025-06-30,0.005154639175257714,0.0523840467555555,2.0735,2.1446,11765280.3
2025-07-01,1.95,1.98,1.87,1.945,5580627.0,2025-07-01,-0.002564102564102555,0.05127162758169051,2.05075,2.1451000000000002,11305694.55
2025-07-02,1.92,2.03,1.92,2.01,5573548.0,2025-07-02,0.03341902313624656,0.051663696853811815,2.0357499999999997,2.1489,10947089.15
2025-07-03,2.03,2.04,1.94,1.96,4398334.0,2025-07-03,-0.02487562189054715,0.05025170447068407,2.0127499999999996,2.1519,10652282.85
2025-07-07,1.95,1.9599,1.83,1.86,7052397.0,2025-07-07,-0.05102040816326525,0.05085558714709638,1.98875,2.1491,9933611.05
2025-07-08,1.88,1.91,1.86,1.91,5241682.0,2025-07-08,0.026881720430107503,0.05137385791507377,1.96625,2.1433,9449907.7
2025-07-09,1.91,1.93,1.84,1.9,5565354.0,2025-07-09,-0.005235602094240788,0.0512157108828833,1.94225,2.1365,9045658.4
2025-07-10,1.88,1.905,1.83,1.87,5450649.0,2025-07-10,-0.015789473684210464,0.048871970564474454,1.9257499999999996,2.1301,8478482.0
2025-07-11,1.86,1.87,1.78,1.82,6806335.0,2025-07-11,-0.0267379679144385,0.04628394116632314,1.91525,2.1251,7865084.7
2025-07-14,1.81,1.85,1.8,1.83,3605131.0,2025-07-14,0.005494505494505475,0.04618961592350568,1.9072500000000001,2.1223,7545974.2
2025-07-15,1.83,1.84,1.73,1.73,5263259.0,2025-07-15,-0.05464480874316946,0.04615232996024706,1.8997499999999998,2.1169,7347946.2
2025-07-16,1.8,1.92,1.79,1.91,9916916.0,2025-07-16,0.10404624277456653,0.04869560701521647,1.89375,2.1115,7468575.35
2025-07-17,1.95,2.11,1.9303,2.01,17320218.0,2025-07-17,0.05235602094240832,0.04783127319162186,1.8992499999999999,2.1102999999999996,8042857.05
2025-07-18,2.04,2.07,1.97,1.99,9065764.0,2025-07-18,-0.00995024875621886,0.047722604438592664,1.9052499999999999,2.1079,8175092.45
2025-07-21,2.06,2.16,2.01,2.09,15449564.0,2025-07-21,0.05025125628140703,0.04743855429987522,1.92025,2.1083,8493169.7
2025-07-22,2.08,2.08,1.91,2.04,12674947.0,2025-07-22,-0.023923444976076458,0.04790655969504503,1.93325,2.1081,8780888.6
2025-07-23,2.24,2.33,2.05,2.16,26806330.0,2025-07-23,0.05882352941176472,0.045554473282158316,1.9442500000000003,2.1119,9705647.2
2025-07-24,2.18,2.18,2.05,2.06,9647483.0,2025-07-24,-0.04629629629629628,0.04670197590547433,1.9522499999999998,2.1113,9827761.4
2025-07-25,2.05,2.06,1.99,2.01,6848320.0,2025-07-25,-0.024271844660194275,0.04319426249097448,1.9497500000000003,2.1061,9734753.9
2025-07-28,2.06,2.09,1.93,1.97,8399826.0,2025-07-28,-0.01990049751243772,0.04129843135895794,1.95125,2.0972999999999997,8893256.7
2025-07-29,1.97,1.9967,1.85,1.9,7179636.0,2025-07-29,-0.035532994923857864,0.04210632563374944,1.94875,2.0915,8892316.0
2025-07-30,1.9,1.94,1.85,1.88,4163063.0,2025-07-30,-0.010526315789473717,0.042164732298475116,1.9455000000000002,2.0775,8821437.8
2025-07-31,1.92,2.03,1.895,1.9,6846071.0,2025-07-31,0.010638297872340496,0.041491982987825596,1.9400000000000002,2.0691,8885063.95
2025-08-01,1.82,1.86,1.78,1.82,5971060.0,2025-08-01,-0.042105263157894646,0.04216511078966638,1.9330000000000003,2.0587,8963700.25
2025-08-04,1.85,1.91,1.83,1.9,3133978.0,2025-08-04,0.0439560439560438,0.04180382700239595,1.935,2.0536999999999996,8767779.3
2025-08-05,1.9,1.95,1.86,1.93,2980379.0,2025-08-05,0.015789473684210575,0.041527289791333646,1.936,2.0461,8654714.15
2025-08-06,1.92,1.92,1.84,1.86,3503656.0,2025-08-06,-0.03626943005181338,0.042356731021713966,1.934,2.0393,8551629.25
2025-08-07,1.89,1.91,1.82,1.84,3947609.0,2025-08-07,-0.010752688172043001,0.04227424154242693,1.9325000000000003,2.0191,8476477.25
2025-08-08,1.855,1.87,1.81,1.83,4016597.0,2025-08-08,-0.005434782608695676,0.041830547995275566,1.9330000000000003,2.0051,8336990.35
2025-08-11,1.87,2.11,1.86,2.11,19462740.0,2025-08-11,0.15300546448087426,0.05390919271298934,1.9469999999999998,1.9965000000000002,9129870.8
2025-08-12,2.08,2.15,1.93,2.12,14529255.0,2025-08-12,0.004739336492891155,0.05184632149937014,1.9665,1.9927000000000001,9593170.6
2025-08-13,2.19,2.205,2.04,2.15,12021110.0,2025-08-13,0.014150943396226356,0.047071464797092365,1.9785,1.9876999999999998,9698380.3
2025-08-14,2.06,2.27,2.05,2.26,14354927.0,2025-08-14,0.051162790697674376,0.047011586397730225,1.991,1.9867,9550115.75
2025-08-15,2.26,2.33,2.1401,2.21,8980390.0,2025-08-15,-0.022123893805309658,0.04731873877329313,2.0020000000000002,1.9825,9545847.05
2025-08-18,2.2,2.25,2.1,2.21,6892791.0,2025-08-18,0.0,0.046180879052959055,2.008,1.9799,9118008.4
2025-08-19,2.25,2.25,1.98,2.03,11891922.0,2025-08-19,-0.08144796380090502,0.04965616352995561,2.0075,1.9733,9078857.15
2025-08-20,2.0,2.0487,1.9,2.0,7175348.0,2025-08-20,-0.01477832512315258,0.047829661916405274,1.9994999999999998,1.9657000000000002,8097308.05
2025-08-21,1.99,2.01,1.94,1.99,4427347.0,2025-08-21,-0.0050000000000000044,0.046731871881128664,1.996,1.9615,7836301.25
2025-08-22,2.0,2.11,1.99,2.09,7283425.0,2025-08-22,0.05025125628140703,0.04771705646398601,2.0,1.9627000000000001,7858056.5
2025-08-25,2.18,2.57,2.08,2.38,66141889.0,2025-08-25,0.13875598086124397,0.0561534197777384,2.0204999999999997,1.9705,10745159.65
2025-08-26,2.51,3.24,2.38,3.15,95940457.0,2025-08-26,0.32352941176470584,0.08856416030196582,2.0829999999999997,1.9959,15183200.7
2025-08-27,3.15,3.88,3.04,3.31,125124842.0,2025-08-27,0.050793650793650835,0.0881888847916853,2.1544999999999996,2.0214999999999996,21231289.65
2025-08-28,3.015,3.3,2.97,3.095,49148788.0,2025-08-28,-0.06495468277945615,0.09073323147064925,2.21425,2.0454000000000003,23346425.5
2025-08-29,3.405,3.59,3.01,3.045,50831444.0,2025-08-29,-0.016155088852988775,0.08985679870039276,2.2755,2.0688999999999997,25589444.7
2025-09-02,2.82,3.09,2.75,2.89,29880646.0,2025-09-02,-0.05090311986863705,0.0915391747759737,2.325,2.0908999999999995,26926778.1
2025-09-03,2.92,2.95,2.63,2.68,26171977.0,2025-09-03,-0.0726643598615917,0.09409440290682515,2.3625,2.1088999999999998,28086358.0
2025-09-04,2.651,2.69,2.51,2.54,20133764.0,2025-09-04,-0.052238805970149294,0.0946656862494439,2.3965,2.1209000000000002,28917863.4
2025-09-05,2.61,2.67,2.37,2.53,27245388.0,2025-09-05,-0.003937007874015852,0.09456327334466492,2.431,2.1334999999999997,30082752.35
2025-09-08,2.57,2.99,2.57,2.98,37863167.0,2025-09-08,0.17786561264822143,0.10067045515466033,2.4884999999999997,2.1519,31775080.85
2025-09-09,2.98,3.08,2.86,3.04,21414514.0,2025-09-09,0.020134228187919545,0.09634790550005919,2.5349999999999997,2.1739,31872669.55
2025-09-10,3.05,3.06,2.79,2.86,20932141.0,2025-09-10,-0.05921052631578949,0.0980102343176253,2.572,2.1921,32192813.85
2025-09-11,2.895,3.35,2.86,3.22,45894697.0,2025-09-11,0.12587412587412605,0.10085228615621745,2.6255,2.2176,33886493.2
2025-09-12,3.3,3.4883,3.2,3.285,34779483.0,2025-09-12,0.020186335403726607,0.1006629494913349,2.6767499999999997,2.2431,34907721.0
2025-09-15,3.425,3.97,3.36,3.89,74234315.0,2025-09-15,0.18417047184170476,0.10619183381981917,2.76075,2.2817,38170417.25
2025-09-16,3.95,4.25,3.68,3.87,51788896.0,2025-09-16,-0.005141388174807249,0.1062834171468264,2.84375,2.3219,40415222.5
2025-09-17,3.87,4.24,3.715,3.98,50577963.0,2025-09-17,0.028423772609819098,0.10282580668932832,2.94125,2.3632999999999997,42349524.55
2025-09-18,4.23,4.65,4.1,4.49,45894369.0,2025-09-18,0.1281407035175881,0.10387084230002444,3.0657500000000004,2.4151,44285475.6
2025-09-19,4.695,4.95,4.32,4.45,60753461.0,2025-09-19,-0.008908685968819552,0.10397526852748361,3.1887499999999998,2.4667000000000003,47101781.3
2025-09-22,4.44,5.57,4.36,5.54,75824226.0,2025-09-22,0.24494382022471917,0.11313433275447533,3.3612500000000005,2.5410999999999997,50528821.35
2025-09-23,5.61,5.71,4.765,4.87,63760010.0,2025-09-23,-0.12093862815884471,0.11787180582991247,3.4857499999999995,2.6019,50409727.4
2025-09-24,5.07,5.15,4.37,4.41,48837233.0,2025-09-24,-0.09445585215605745,0.10130306106294777,3.5487500000000005,2.6555,48054566.2
2025-09-25,4.14,4.3,3.97,4.09,35801403.0,2025-09-25,-0.07256235827664403,0.10316703528044689,3.5877499999999998,2.6991,43588394.25
2025-09-26,4.24,4.3,3.92,4.2,38614081.0,2025-09-26,0.02689486552567244,0.10143231871577583,3.643,2.7428999999999997,43061658.9
2025-09-29,4.46,4.59,4.06,4.1,55185464.0,2025-09-29,-0.023809523809523947,0.10159014039203854,3.6957500000000003,2.7851000000000004,43279359.9
2025-09-30,4.02,4.31,3.85,4.29,51088092.0,2025-09-30,0.04634146341463419,0.10035817225320184,3.7657499999999997,2.8291000000000004,44339732.2
2025-10-01,4.2,4.81,4.1301,4.76,48282983.0,2025-10-01,0.10955710955710951,0.09934345189491518,3.8697500000000007,2.8834999999999997,45445282.5
